{"loss": -4434172.0, "_timestamp": 1713684576.224578, "_runtime": 1357.6255888938904, "_step": 9999, "_wandb": {"runtime": 1356}}