{"loss": 6172164.0, "_timestamp": 1713684706.1092682, "_runtime": 2.886324167251587, "_step": 0, "_wandb": {"runtime": 5}}